post_title,post_content,post_excerpt,post_status,post_type
Cleaning Service Lab Suppliers,"
<h1>Cleaning Service Lab Suppliers</h1>
<p>Directory of cleaning service suppliers serving laboratories in the United States.</p>
<ul class=""supplier-list"">
            <li>
                <strong><a href=""https://www.triumvirate.com"">Triumvirate Environmental</a></strong><br>
                Laboratory cleaning, decontamination, and waste management
            </li>
            <li>
                <strong><a href=""https://www.cleanharbors.com"">Clean Harbors</a></strong><br>
                Lab decontamination and hazardous waste services
            </li>
            <li>
                <strong><a href=""https://www.veolianorthamerica.com"">Veolia North America</a></strong><br>
                Environmental services and lab waste management
            </li></ul>
<p><strong>Total Suppliers:</strong> 3</p>
",Directory of 3 cleaning service suppliers.,draft,page
Sterilization Lab Suppliers,"
<h1>Sterilization Lab Suppliers</h1>
<p>Directory of sterilization suppliers serving laboratories in the United States.</p>
<ul class=""supplier-list"">
            <li>
                <strong><a href=""https://www.steris.com"">STERIS</a></strong><br>
                Lab sterilization and infection prevention
            </li></ul>
<p><strong>Total Suppliers:</strong> 1</p>
",Directory of 1 sterilization suppliers.,draft,page
Cleaning Products Lab Suppliers,"
<h1>Cleaning Products Lab Suppliers</h1>
<p>Directory of cleaning products suppliers serving laboratories in the United States.</p>
<ul class=""supplier-list"">
            <li>
                <strong><a href=""https://www.ecolab.com"">Ecolab</a></strong><br>
                Cleaning and sanitizing solutions for labs
            </li>
            <li>
                <strong><a href=""https://www.diversey.com"">Diversey</a></strong><br>
                Cleaning and hygiene solutions
            </li>
            <li>
                <strong><a href=""https://www.sealedair.com"">Sealed Air</a></strong><br>
                Cleaning and sanitization products
            </li>
            <li>
                <strong><a href=""https://www.kcprofessional.com"">Kimberly-Clark Professional</a></strong><br>
                Lab cleaning and safety products
            </li>
            <li>
                <strong><a href=""https://www.3m.com/3M/en_US/healthcare/"">3M Health Care</a></strong><br>
                Healthcare and lab cleaning products
            </li>
            <li>
                <strong><a href=""https://www.cloroxpro.com"">CloroxPro</a></strong><br>
                Professional cleaning and disinfection
            </li>
            <li>
                <strong><a href=""https://www.betco.com"">Betco</a></strong><br>
                Professional cleaning solutions
            </li></ul>
<p><strong>Total Suppliers:</strong> 7</p>
",Directory of 7 cleaning products suppliers.,draft,page
Waste Management Lab Suppliers,"
<h1>Waste Management Lab Suppliers</h1>
<p>Directory of waste management suppliers serving laboratories in the United States.</p>
<ul class=""supplier-list"">
            <li>
                <strong><a href=""https://www.stericycle.com"">Stericycle</a></strong><br>
                Medical and lab waste disposal
            </li>
            <li>
                <strong><a href=""https://www.sharpsinc.com"">Sharps Compliance</a></strong><br>
                Medical waste management solutions
            </li>
            <li>
                <strong><a href=""https://danielshealth.com"">Daniels Health</a></strong><br>
                Healthcare and lab waste management
            </li>
            <li>
                <strong><a href=""https://www.republicservices.com"">Republic Services</a></strong><br>
                Environmental services including lab waste
            </li>
            <li>
                <strong><a href=""https://www.wm.com"">Waste Management</a></strong><br>
                Comprehensive waste services including labs
            </li></ul>
<p><strong>Total Suppliers:</strong> 5</p>
",Directory of 5 waste management suppliers.,draft,page
Analytical Lab Lab Suppliers,"
<h1>Analytical Lab Lab Suppliers</h1>
<p>Directory of analytical lab suppliers serving laboratories in the United States.</p>
<ul class=""supplier-list"">
            <li>
                <strong><a href=""https://www.abclabs.com"">ABC Laboratories</a></strong><br>
                Lab testing and analytical services
            </li>
            <li>
                <strong><a href=""https://www.eurofinsus.com"">Eurofins Scientific</a></strong><br>
                Lab testing and analysis
            </li>
            <li>
                <strong><a href=""https://www.alsglobal.com"">ALS Limited</a></strong><br>
                Laboratory testing services
            </li></ul>
<p><strong>Total Suppliers:</strong> 3</p>
",Directory of 3 analytical lab suppliers.,draft,page
Testing Certification Lab Suppliers,"
<h1>Testing Certification Lab Suppliers</h1>
<p>Directory of testing certification suppliers serving laboratories in the United States.</p>
<ul class=""supplier-list"">
            <li>
                <strong><a href=""https://www.nsf.org"">NSF International</a></strong><br>
                Lab testing and certification
            </li>
            <li>
                <strong><a href=""https://www.ul.com"">UL Solutions</a></strong><br>
                Safety testing and certification
            </li>
            <li>
                <strong><a href=""https://www.intertek.com"">Intertek</a></strong><br>
                Quality and safety testing
            </li>
            <li>
                <strong><a href=""https://www.sgs.com"">SGS</a></strong><br>
                Testing, inspection and certification
            </li>
            <li>
                <strong><a href=""https://www.bureauveritas.com"">Bureau Veritas</a></strong><br>
                Testing, inspection and certification
            </li></ul>
<p><strong>Total Suppliers:</strong> 5</p>
",Directory of 5 testing certification suppliers.,draft,page
Lab Decommissioning Lab Suppliers,"
<h1>Lab Decommissioning Lab Suppliers</h1>
<p>Directory of lab decommissioning suppliers serving laboratories in the United States.</p>
<ul class=""supplier-list"">
            <li>
                <strong><a href=""https://www.noxilico.com"">Noxilico</a></strong><br>
                Lab decontamination and decommissioning
            </li>
            <li>
                <strong><a href=""https://www.bertsche.com"">Bertsche</a></strong><br>
                Lab relocation and decommissioning
            </li></ul>
<p><strong>Total Suppliers:</strong> 2</p>
",Directory of 2 lab decommissioning suppliers.,draft,page
Lab Services Lab Suppliers,"
<h1>Lab Services Lab Suppliers</h1>
<p>Directory of lab services suppliers serving laboratories in the United States.</p>
<ul class=""supplier-list"">
            <li>
                <strong><a href=""https://www.chemistryrx.com"">Chemistry Rx</a></strong><br>
                Lab equipment and services
            </li>
            <li>
                <strong><a href=""https://avantorsciences.com"">Avantor Services</a></strong><br>
                Lab services and solutions
            </li>
            <li>
                <strong><a href=""https://www.thermofisher.com"">Thermo Fisher Scientific Services</a></strong><br>
                Lab equipment and service
            </li>
            <li>
                <strong><a href=""https://www.agilent.com"">Agilent CrossLab</a></strong><br>
                Lab instrument services
            </li>
            <li>
                <strong><a href=""https://www.waters.com"">Waters Corporation Services</a></strong><br>
                Chromatography system services
            </li>
            <li>
                <strong><a href=""https://www.ssi.shimadzu.com"">Shimadzu Scientific Instruments</a></strong><br>
                Analytical instrument services
            </li>
            <li>
                <strong><a href=""https://www.perkinelmer.com"">PerkinElmer Services</a></strong><br>
                Lab equipment and services
            </li>
            <li>
                <strong><a href=""https://www.beckmancoulter.com"">Beckman Coulter Life Sciences</a></strong><br>
                Centrifuge and lab services
            </li>
            <li>
                <strong><a href=""https://www.bio-rad.com"">Bio-Rad Laboratories Services</a></strong><br>
                Life science equipment service
            </li>
            <li>
                <strong><a href=""https://www.eppendorf.com"">Eppendorf Service</a></strong><br>
                Lab equipment service
            </li>
            <li>
                <strong><a href=""https://www.sartorius.com"">Sartorius Services</a></strong><br>
                Lab and bioprocess services
            </li>
            <li>
                <strong><a href=""https://www.mt.com"">Metler Toledo Service</a></strong><br>
                Lab balance and scale service
            </li>
            <li>
                <strong><a href=""https://www.cytiva.com"">Cytiva</a></strong><br>
                Bioprocessing lab services
            </li>
            <li>
                <strong><a href=""https://www.danaher.com"">Danaher</a></strong><br>
                Lab diagnostics and services
            </li>
            <li>
                <strong><a href=""https://hhlab.com"">H+H Laboratory Services</a></strong><br>
                Lab equipment service
            </li>
            <li>
                <strong><a href=""https://www.genvault.com"">GenVault</a></strong><br>
                Sample management services
            </li>
            <li>
                <strong><a href=""https://www.brooks.com"">Brooks Life Sciences</a></strong><br>
                Sample management and automation
            </li>
            <li>
                <strong><a href=""https://www.azenta.com"">Azenta Life Sciences</a></strong><br>
                Sample management and storage
            </li></ul>
<p><strong>Total Suppliers:</strong> 18</p>
",Directory of 18 lab services suppliers.,draft,page
Equipment Manufacturer Lab Suppliers,"
<h1>Equipment Manufacturer Lab Suppliers</h1>
<p>Directory of equipment manufacturer suppliers serving laboratories in the United States.</p>
<ul class=""supplier-list"">
            <li>
                <strong><a href=""https://www.labconco.com"">Labconco</a></strong><br>
                Fume hoods and lab equipment
            </li>
            <li>
                <strong><a href=""https://www.nuaire.com"">NuAire</a></strong><br>
                Biological safety cabinets
            </li>
            <li>
                <strong><a href=""https://www.bakerco.com"">The Baker Company</a></strong><br>
                Biological safety cabinets
            </li>
            <li>
                <strong><a href=""https://www.airscience.com"">Air Science</a></strong><br>
                Fume hoods and enclosures
            </li></ul>
<p><strong>Total Suppliers:</strong> 4</p>
",Directory of 4 equipment manufacturer suppliers.,draft,page
Automation Lab Suppliers,"
<h1>Automation Lab Suppliers</h1>
<p>Directory of automation suppliers serving laboratories in the United States.</p>
<ul class=""supplier-list"">
            <li>
                <strong><a href=""https://www.hamiltoncompany.com"">Hamilton Company</a></strong><br>
                Lab automation and liquid handling
            </li>
            <li>
                <strong><a href=""https://www.tecan.com"">Tecan</a></strong><br>
                Lab automation
            </li></ul>
<p><strong>Total Suppliers:</strong> 2</p>
",Directory of 2 automation suppliers.,draft,page
Software Lab Suppliers,"
<h1>Software Lab Suppliers</h1>
<p>Directory of software suppliers serving laboratories in the United States.</p>
<ul class=""supplier-list"">
            <li>
                <strong><a href=""https://www.perkinelmerinformatics.com"">PerkinElmer Informatics</a></strong><br>
                Lab information management
            </li>
            <li>
                <strong><a href=""https://www.labware.com"">LabWare</a></strong><br>
                LIMS and laboratory software
            </li>
            <li>
                <strong><a href=""https://www.thermofisher.com"">Thermo Fisher SampleManager</a></strong><br>
                LIMS software
            </li>
            <li>
                <strong><a href=""https://www.agilent.com"">Agilent OpenLAB</a></strong><br>
                Lab software solutions
            </li>
            <li>
                <strong><a href=""https://www.waters.com"">Waters NuGenesis</a></strong><br>
                Lab data management
            </li>
            <li>
                <strong><a href=""https://www.3ds.com/products-services/biovia"">BIOVIA</a></strong><br>
                Scientific software
            </li>
            <li>
                <strong><a href=""https://www.idbs.com"">IDBS</a></strong><br>
                Bioinformatics software
            </li>
            <li>
                <strong><a href=""https://www.labguru.com"">Labguru</a></strong><br>
                Lab management platform
            </li>
            <li>
                <strong><a href=""https://www.benchling.com"">Benchling</a></strong><br>
                Lab informatics platform
            </li></ul>
<p><strong>Total Suppliers:</strong> 9</p>
",Directory of 9 software suppliers.,draft,page
Marketplace Lab Suppliers,"
<h1>Marketplace Lab Suppliers</h1>
<p>Directory of marketplace suppliers serving laboratories in the United States.</p>
<ul class=""supplier-list"">
            <li>
                <strong><a href=""https://www.scienceexchange.com"">Science Exchange</a></strong><br>
                Lab service marketplace
            </li>
            <li>
                <strong><a href=""https://www.scientist.com""> Scientist.com</a></strong><br>
                Research marketplace
            </li></ul>
<p><strong>Total Suppliers:</strong> 2</p>
",Directory of 2 marketplace suppliers.,draft,page
