id,brand,name,category,price_tier,price_low,price_high,currency,image_url,catalog_image_path,render_image_path,origin,is_active,display_order,description
1,Lumica,Lumica Remote Control Packshot,lighting,mid-range,100,500,EUR,lighting/mid-range/lumica-remote-control-packshot.webp,lighting/mid-range/lumica-remote-control-packshot.webp,lighting/mid-range/lumica-remote-control-packshot.webp,catalog-2026,True,1,Reliable quality and contemporary design. Ideal for modern renovation projects.
2,Lumica,Lumica Remote Control Lifestyle,lighting,mid-range,100,500,EUR,lighting/mid-range/lumica-remote-control-lifestyle.webp,lighting/mid-range/lumica-remote-control-lifestyle.webp,lighting/mid-range/lumica-remote-control-lifestyle.webp,catalog-2026,True,2,Reliable quality and contemporary design. Ideal for modern renovation projects.
3,Essential Line,Essential Line Lighting,lighting,budget,40,100,EUR,lighting/budget/essential-line-lighting-6.webp,lighting/budget/essential-line-lighting-6.webp,lighting/budget/essential-line-lighting-6.webp,catalog-2026,True,3,Essential products - Practical and affordable. Perfect for budget-conscious renovations without compromising quality.
4,Essential Line,Essential Line Toilets,toilets,budget,150,300,EUR,toilets/budget/essential-line-toilets-2.webp,toilets/budget/essential-line-toilets-2.webp,toilets/budget/essential-line-toilets-2.webp,catalog-2026,True,4,Essential products - Practical and affordable. Perfect for budget-conscious renovations without compromising quality.
5,Duravit,Duravit Duravit Starck 3 Starck 3 Wc Variants,toilets,premium,600,2500,EUR,toilets/premium/duravit-duravit-starck_3-starck_3_wc_variants_04.webp,toilets/premium/duravit-duravit-starck_3-starck_3_wc_variants_04.webp,toilets/premium/duravit-duravit-starck_3-starck_3_wc_variants_04.webp,catalog-2026,True,5,Premium toilets from Duravit. High-quality design and materials for luxury bathrooms. Part of the premium collection.
6,Duravit,Duravit Duravit D Neo Dneo Pop,toilets,premium,600,2500,EUR,toilets/premium/duravit-duravit-d-neo-dneo_pop_01.webp,toilets/premium/duravit-duravit-d-neo-dneo_pop_01.webp,toilets/premium/duravit-duravit-d-neo-dneo_pop_01.webp,catalog-2026,True,6,Premium toilets from Duravit. High-quality design and materials for luxury bathrooms. Part of the premium collection.
7,Duravit,Duravit Duravit Durastyle Durastyle Wt Galerie,toilets,premium,600,2500,EUR,toilets/premium/duravit-duravit-durastyle-durastyle_wt-galerie_01.webp,toilets/premium/duravit-duravit-durastyle-durastyle_wt-galerie_01.webp,toilets/premium/duravit-duravit-durastyle-durastyle_wt-galerie_01.webp,catalog-2026,True,7,Premium toilets from Duravit. High-quality design and materials for luxury bathrooms. Part of the premium collection.
8,Duravit,Duravit Duravit Architec Architec Toilets And Bidets,toilets,premium,600,2500,EUR,toilets/premium/duravit-duravit-architec-architec_toilets-and-bidets_1080.webp,toilets/premium/duravit-duravit-architec-architec_toilets-and-bidets_1080.webp,toilets/premium/duravit-duravit-architec-architec_toilets-and-bidets_1080.webp,catalog-2026,True,8,Premium toilets from Duravit. High-quality design and materials for luxury bathrooms. Part of the premium collection.
9,Duravit,Duravit Duravit D Neo Dneo Welt Pop,toilets,premium,600,2500,EUR,toilets/premium/duravit-duravit-d-neo-dneo_welt_pop.webp,toilets/premium/duravit-duravit-d-neo-dneo_welt_pop.webp,toilets/premium/duravit-duravit-d-neo-dneo_welt_pop.webp,catalog-2026,True,9,Premium toilets from Duravit. High-quality design and materials for luxury bathrooms. Part of the premium collection.
10,Duravit,Duravit Vero Stand Wc Bidet,toilets,premium,600,2500,EUR,toilets/premium/duravit-vero_stand_-_wc-bidet_01.webp,toilets/premium/duravit-vero_stand_-_wc-bidet_01.webp,toilets/premium/duravit-vero_stand_-_wc-bidet_01.webp,catalog-2026,True,10,Premium toilets from Duravit. High-quality design and materials for luxury bathrooms. Part of the premium collection.
11,Duravit,Duravit Duravit Bento Starck Box Bentostarckbox,toilets,premium,600,2500,EUR,toilets/premium/duravit-duravit-bento_starck_box-bentostarckbox_13.webp,toilets/premium/duravit-duravit-bento_starck_box-bentostarckbox_13.webp,toilets/premium/duravit-duravit-bento_starck_box-bentostarckbox_13.webp,catalog-2026,True,11,Premium toilets from Duravit. High-quality design and materials for luxury bathrooms. Part of the premium collection.
12,Duravit,Duravit Duravit Starck 3 Starck 3 Wc Regular And Compact Version,toilets,premium,600,2500,EUR,toilets/premium/duravit-duravit-starck_3-starck_3_wc_regular_and_compact_version.webp,toilets/premium/duravit-duravit-starck_3-starck_3_wc_regular_and_compact_version.webp,toilets/premium/duravit-duravit-starck_3-starck_3_wc_regular_and_compact_version.webp,catalog-2026,True,12,Premium toilets from Duravit. High-quality design and materials for luxury bathrooms. Part of the premium collection.
13,Duravit,Duravit Durastyle Wc Sensowash,toilets,premium,600,2500,EUR,toilets/premium/duravit-durastyle_wc_-_sensowash.webp,toilets/premium/duravit-durastyle_wc_-_sensowash.webp,toilets/premium/duravit-durastyle_wc_-_sensowash.webp,catalog-2026,True,13,Premium toilets from Duravit. High-quality design and materials for luxury bathrooms. Part of the premium collection.
14,Duravit,Duravit Duravit D Neo Dneo Minimal,toilets,premium,600,2500,EUR,toilets/premium/duravit-duravit-d-neo-dneo_minimal_02.webp,toilets/premium/duravit-duravit-d-neo-dneo_minimal_02.webp,toilets/premium/duravit-duravit-d-neo-dneo_minimal_02.webp,catalog-2026,True,14,Premium toilets from Duravit. High-quality design and materials for luxury bathrooms. Part of the premium collection.
15,Duravit,Duravit Duravit Durastyle Durastyle Hoschrank Vermasst,toilets,premium,600,2500,EUR,toilets/premium/duravit-duravit-durastyle-durastyle_hoschrank_vermasst.webp,toilets/premium/duravit-duravit-durastyle-durastyle_hoschrank_vermasst.webp,toilets/premium/duravit-duravit-durastyle-durastyle_hoschrank_vermasst.webp,catalog-2026,True,15,Premium toilets from Duravit. High-quality design and materials for luxury bathrooms. Part of the premium collection.
16,Duravit,Duravit Duravit Me By Starck Me By Starck Elegant Detail Wanne 01,toilets,premium,600,2500,EUR,toilets/premium/duravit-duravit-me_by_starck-me_by_starck_elegant_detail_wanne_01_0404.webp,toilets/premium/duravit-duravit-me_by_starck-me_by_starck_elegant_detail_wanne_01_0404.webp,toilets/premium/duravit-duravit-me_by_starck-me_by_starck_elegant_detail_wanne_01_0404.webp,catalog-2026,True,16,Premium toilets from Duravit. High-quality design and materials for luxury bathrooms. Part of the premium collection.
17,Duravit,Duravit Duravit Vero Air Veroair Tm 235080 0030661000 01,toilets,premium,600,2500,EUR,toilets/premium/duravit-duravit-vero_air-veroair_tm_235080_0030661000_01_0606.webp,toilets/premium/duravit-duravit-vero_air-veroair_tm_235080_0030661000_01_0606.webp,toilets/premium/duravit-duravit-vero_air-veroair_tm_235080_0030661000_01_0606.webp,catalog-2026,True,17,Premium toilets from Duravit. High-quality design and materials for luxury bathrooms. Part of the premium collection.
18,Duravit,Duravit Duravit Me By Starck Me By Starck Toilets,toilets,premium,600,2500,EUR,toilets/premium/duravit-duravit-me_by_starck-me_by_starck_toilets_01.webp,toilets/premium/duravit-duravit-me_by_starck-me_by_starck_toilets_01.webp,toilets/premium/duravit-duravit-me_by_starck-me_by_starck_toilets_01.webp,catalog-2026,True,18,Premium toilets from Duravit. High-quality design and materials for luxury bathrooms. Part of the premium collection.
19,Duravit,Duravit Duravit Me By Starck Me By Starck Pure Wei%c3%9f Matt Milieu 09,toilets,premium,600,2500,EUR,toilets/premium/duravit-duravit-me_by_starck-me_by_starck_pure_wei%C3%9F-matt_milieu_09_0332.webp,toilets/premium/duravit-duravit-me_by_starck-me_by_starck_pure_wei%C3%9F-matt_milieu_09_0332.webp,toilets/premium/duravit-duravit-me_by_starck-me_by_starck_pure_wei%C3%9F-matt_milieu_09_0332.webp,catalog-2026,True,19,Premium toilets from Duravit. High-quality design and materials for luxury bathrooms. Part of the premium collection.
20,Duravit,Duravit Duravit Toilets Category Floor Standing Toilets,toilets,premium,600,2500,EUR,toilets/premium/duravit-duravit-toilets-category_floor-standing_toilets.webp,toilets/premium/duravit-duravit-toilets-category_floor-standing_toilets.webp,toilets/premium/duravit-duravit-toilets-category_floor-standing_toilets.webp,catalog-2026,True,20,Premium toilets from Duravit. High-quality design and materials for luxury bathrooms. Part of the premium collection.
21,Duravit,Duravit Duravit Me By Starck Me By Starck Pure Wei%c3%9f Matt Teilmilieu Mwt100 01 0532%2341 4,toilets,premium,600,2500,EUR,toilets/premium/duravit-duravit-me_by_starck-me_by_starck_pure_wei%C3%9F-matt_teilmilieu_mwt100_01_0532%2341_4_2.webp,toilets/premium/duravit-duravit-me_by_starck-me_by_starck_pure_wei%C3%9F-matt_teilmilieu_mwt100_01_0532%2341_4_2.webp,toilets/premium/duravit-duravit-me_by_starck-me_by_starck_pure_wei%C3%9F-matt_teilmilieu_mwt100_01_0532%2341_4_2.webp,catalog-2026,True,21,Premium toilets from Duravit. High-quality design and materials for luxury bathrooms. Part of the premium collection.
22,Duravit,Duravit Duravit Toilets Dneo Boho,toilets,premium,600,2500,EUR,toilets/premium/duravit-duravit-toilets-dneo_boho_10.webp,toilets/premium/duravit-duravit-toilets-dneo_boho_10.webp,toilets/premium/duravit-duravit-toilets-dneo_boho_10.webp,catalog-2026,True,22,Premium toilets from Duravit. High-quality design and materials for luxury bathrooms. Part of the premium collection.
23,Duravit,Duravit Duravit Starck 3 Starck 3 Einbauwaschtisch,toilets,premium,600,2500,EUR,toilets/premium/duravit-duravit-starck_3-starck_3_einbauwaschtisch_03.webp,toilets/premium/duravit-duravit-starck_3-starck_3_einbauwaschtisch_03.webp,toilets/premium/duravit-duravit-starck_3-starck_3_einbauwaschtisch_03.webp,catalog-2026,True,23,Premium toilets from Duravit. High-quality design and materials for luxury bathrooms. Part of the premium collection.
24,Duravit,Duravit Duravit D Neo Dneo Boho,toilets,premium,600,2500,EUR,toilets/premium/duravit-duravit-d-neo-dneo_boho_08.webp,toilets/premium/duravit-duravit-d-neo-dneo_boho_08.webp,toilets/premium/duravit-duravit-d-neo-dneo_boho_08.webp,catalog-2026,True,24,Premium toilets from Duravit. High-quality design and materials for luxury bathrooms. Part of the premium collection.
25,Duravit,Duravit Duravit Vero Air Veroair C Bonded Detail M%c3%b6belwaschtisch 04,toilets,premium,600,2500,EUR,toilets/premium/duravit-duravit-vero_air-veroair-c-bonded_detail_m%C3%B6belwaschtisch_04_2429.webp,toilets/premium/duravit-duravit-vero_air-veroair-c-bonded_detail_m%C3%B6belwaschtisch_04_2429.webp,toilets/premium/duravit-duravit-vero_air-veroair-c-bonded_detail_m%C3%B6belwaschtisch_04_2429.webp,catalog-2026,True,25,Premium toilets from Duravit. High-quality design and materials for luxury bathrooms. Part of the premium collection.
26,Duravit,Duravit Duravit Durastyle Durastyle Badewanne Acryl Und Moebelverkleidung,toilets,premium,600,2500,EUR,toilets/premium/duravit-duravit-durastyle-durastyle_badewanne_acryl-und-moebelverkleidung.webp,toilets/premium/duravit-duravit-durastyle-durastyle_badewanne_acryl-und-moebelverkleidung.webp,toilets/premium/duravit-duravit-durastyle-durastyle_badewanne_acryl-und-moebelverkleidung.webp,catalog-2026,True,26,Premium toilets from Duravit. High-quality design and materials for luxury bathrooms. Part of the premium collection.
27,Duravit,Duravit Duravit D Neo Dneo Welt Monochrome,toilets,premium,600,2500,EUR,toilets/premium/duravit-duravit-d-neo-dneo_welt_monochrome.webp,toilets/premium/duravit-duravit-d-neo-dneo_welt_monochrome.webp,toilets/premium/duravit-duravit-d-neo-dneo_welt_monochrome.webp,catalog-2026,True,27,Premium toilets from Duravit. High-quality design and materials for luxury bathrooms. Part of the premium collection.
28,Duravit,Duravit Duravit Me By Starck Philippe Starck 02 By Jean Baptiste Mondino,toilets,premium,600,2500,EUR,toilets/premium/duravit-duravit-me_by_starck-philippe_starck_02-by-jean-baptiste-mondino.webp,toilets/premium/duravit-duravit-me_by_starck-philippe_starck_02-by-jean-baptiste-mondino.webp,toilets/premium/duravit-duravit-me_by_starck-philippe_starck_02-by-jean-baptiste-mondino.webp,catalog-2026,True,28,Premium toilets from Duravit. High-quality design and materials for luxury bathrooms. Part of the premium collection.
29,Duravit,Duravit Duravit Durastyle Durastyle Hochschrank,toilets,premium,600,2500,EUR,toilets/premium/duravit-duravit-durastyle-durastyle_hochschrank_01.webp,toilets/premium/duravit-duravit-durastyle-durastyle_hochschrank_01.webp,toilets/premium/duravit-duravit-durastyle-durastyle_hochschrank_01.webp,catalog-2026,True,29,Premium toilets from Duravit. High-quality design and materials for luxury bathrooms. Part of the premium collection.
30,Duravit,Duravit Duravit Starck 3 Starck3 L Cube Mwt850 Tm 12 3479 News,toilets,premium,600,2500,EUR,toilets/premium/duravit-duravit-starck_3-starck3-l-cube_mwt850_tm_12_3479_news2016.webp,toilets/premium/duravit-duravit-starck_3-starck3-l-cube_mwt850_tm_12_3479_news2016.webp,toilets/premium/duravit-duravit-starck_3-starck3-l-cube_mwt850_tm_12_3479_news2016.webp,catalog-2026,True,30,Premium toilets from Duravit. High-quality design and materials for luxury bathrooms. Part of the premium collection.
31,Duravit,Duravit Me By Starck Toilets,toilets,premium,600,2500,EUR,toilets/premium/duravit-me_by_starck_toilets_02.webp,toilets/premium/duravit-me_by_starck_toilets_02.webp,toilets/premium/duravit-me_by_starck_toilets_02.webp,catalog-2026,True,31,Premium toilets from Duravit. High-quality design and materials for luxury bathrooms. Part of the premium collection.
32,Duravit,Duravit Duravit Sink Series Starck 1 Starck Barrel,toilets,premium,600,2500,EUR,toilets/premium/duravit-duravit-sink-series-starck_1-starck-barrel_04.webp,toilets/premium/duravit-duravit-sink-series-starck_1-starck-barrel_04.webp,toilets/premium/duravit-duravit-sink-series-starck_1-starck-barrel_04.webp,catalog-2026,True,32,Premium toilets from Duravit. High-quality design and materials for luxury bathrooms. Part of the premium collection.
33,Duravit,Duravit Duravit Starck 3 Starck 3 Wand Wc Sensowash,toilets,premium,600,2500,EUR,toilets/premium/duravit-duravit-starck_3-starck_3_wand-wc_-_sensowash.webp,toilets/premium/duravit-duravit-starck_3-starck_3_wand-wc_-_sensowash.webp,toilets/premium/duravit-duravit-starck_3-starck_3_wand-wc_-_sensowash.webp,catalog-2026,True,33,Premium toilets from Duravit. High-quality design and materials for luxury bathrooms. Part of the premium collection.
34,Duravit,Duravit Duravit Durastyle Durastyle Wc Sensowash,toilets,premium,600,2500,EUR,toilets/premium/duravit-duravit-durastyle-durastyle_wc_-_sensowash.webp,toilets/premium/duravit-duravit-durastyle-durastyle_wc_-_sensowash.webp,toilets/premium/duravit-duravit-durastyle-durastyle_wc_-_sensowash.webp,catalog-2026,True,34,Premium toilets from Duravit. High-quality design and materials for luxury bathrooms. Part of the premium collection.
35,Duravit,Duravit Duravit Sink Series Starck 1 Starck1 Tonne,toilets,premium,600,2500,EUR,toilets/premium/duravit-duravit-sink-series-starck_1-starck1_tonne.webp,toilets/premium/duravit-duravit-sink-series-starck_1-starck1_tonne.webp,toilets/premium/duravit-duravit-sink-series-starck_1-starck1_tonne.webp,catalog-2026,True,35,Premium toilets from Duravit. High-quality design and materials for luxury bathrooms. Part of the premium collection.
36,Duravit,Duravit Duravit Sink Series Starck 1 Starck Badewanne,toilets,premium,600,2500,EUR,toilets/premium/duravit-duravit-sink-series-starck_1-starck_badewanne.webp,toilets/premium/duravit-duravit-sink-series-starck_1-starck_badewanne.webp,toilets/premium/duravit-duravit-sink-series-starck_1-starck_badewanne.webp,catalog-2026,True,36,Premium toilets from Duravit. High-quality design and materials for luxury bathrooms. Part of the premium collection.
37,Duravit,Duravit Duravit Sink Series Starck 1 Starck Slimline Stage,toilets,premium,600,2500,EUR,toilets/premium/duravit-duravit-sink-series-starck_1-starck_slimline_stage.webp,toilets/premium/duravit-duravit-sink-series-starck_1-starck_slimline_stage.webp,toilets/premium/duravit-duravit-sink-series-starck_1-starck_slimline_stage.webp,catalog-2026,True,37,Premium toilets from Duravit. High-quality design and materials for luxury bathrooms. Part of the premium collection.
38,Duravit,Duravit Duravit Sink Series Starck 1 Starck2 Tm,toilets,premium,600,2500,EUR,toilets/premium/duravit-duravit-sink-series-starck_1-starck2_tm__03.webp,toilets/premium/duravit-duravit-sink-series-starck_1-starck2_tm__03.webp,toilets/premium/duravit-duravit-sink-series-starck_1-starck2_tm__03.webp,catalog-2026,True,38,Premium toilets from Duravit. High-quality design and materials for luxury bathrooms. Part of the premium collection.
39,Duravit,Duravit Duravit Sinks Opzetwastafels Vero Air Milieu 2350120024 11 02,toilets,premium,600,2500,EUR,toilets/premium/duravit-duravit-sinks-opzetwastafels-vero-air_milieu_2350120024_11_02_1248.webp,toilets/premium/duravit-duravit-sinks-opzetwastafels-vero-air_milieu_2350120024_11_02_1248.webp,toilets/premium/duravit-duravit-sinks-opzetwastafels-vero-air_milieu_2350120024_11_02_1248.webp,catalog-2026,True,39,Premium toilets from Duravit. High-quality design and materials for luxury bathrooms. Part of the premium collection.
40,Duravit,Duravit Duravit D Neo Dneo Monochrome,toilets,premium,600,2500,EUR,toilets/premium/duravit-duravit-d-neo-dneo_monochrome_03.webp,toilets/premium/duravit-duravit-d-neo-dneo_monochrome_03.webp,toilets/premium/duravit-duravit-d-neo-dneo_monochrome_03.webp,catalog-2026,True,40,Premium toilets from Duravit. High-quality design and materials for luxury bathrooms. Part of the premium collection.
41,Duravit,Duravit Me By Starck Furniture Washbasins,toilets,premium,600,2500,EUR,toilets/premium/duravit-me_by_starck_furniture_washbasins_06.webp,toilets/premium/duravit-me_by_starck_furniture_washbasins_06.webp,toilets/premium/duravit-me_by_starck_furniture_washbasins_06.webp,catalog-2026,True,41,Premium toilets from Duravit. High-quality design and materials for luxury bathrooms. Part of the premium collection.
42,Duravit,Duravit Duravit Sink Series Vero Vero Bathtub Back To Wall,toilets,premium,600,2500,EUR,toilets/premium/duravit-duravit-sink-series-vero-vero_bathtub_back-to-wall_01.webp,toilets/premium/duravit-duravit-sink-series-vero-vero_bathtub_back-to-wall_01.webp,toilets/premium/duravit-duravit-sink-series-vero-vero_bathtub_back-to-wall_01.webp,catalog-2026,True,42,Premium toilets from Duravit. High-quality design and materials for luxury bathrooms. Part of the premium collection.
43,Duravit,Duravit Duravit Sinks Me By Starck Furniture Washbasins,toilets,premium,600,2500,EUR,toilets/premium/duravit-duravit-sinks-me_by_starck_furniture_washbasins_06.webp,toilets/premium/duravit-duravit-sinks-me_by_starck_furniture_washbasins_06.webp,toilets/premium/duravit-duravit-sinks-me_by_starck_furniture_washbasins_06.webp,catalog-2026,True,43,Premium toilets from Duravit. High-quality design and materials for luxury bathrooms. Part of the premium collection.
44,Duravit,Duravit Duravit Vero Air Vero Air Tm 252509 Sewaslim 01,toilets,premium,600,2500,EUR,toilets/premium/duravit-duravit-vero_air-vero-air_tm_252509_sewaslim_01_1380.webp,toilets/premium/duravit-duravit-vero_air-vero-air_tm_252509_sewaslim_01_1380.webp,toilets/premium/duravit-duravit-vero_air-vero-air_tm_252509_sewaslim_01_1380.webp,catalog-2026,True,44,Premium toilets from Duravit. High-quality design and materials for luxury bathrooms. Part of the premium collection.
45,Duravit,Duravit Duravit Sink Series Starck 1 Starck 1 Starck Wc,toilets,premium,600,2500,EUR,toilets/premium/duravit-duravit-sink-series-starck_1-starck-1_starck_wc.webp,toilets/premium/duravit-duravit-sink-series-starck_1-starck-1_starck_wc.webp,toilets/premium/duravit-duravit-sink-series-starck_1-starck-1_starck_wc.webp,catalog-2026,True,45,Premium toilets from Duravit. High-quality design and materials for luxury bathrooms. Part of the premium collection.
46,Duravit,Duravit Duravit Vero Air Vero Air Tm 700418000000000 01,toilets,premium,600,2500,EUR,toilets/premium/duravit-duravit-vero_air-vero-air_tm_700418000000000_01_1517.webp,toilets/premium/duravit-duravit-vero_air-vero-air_tm_700418000000000_01_1517.webp,toilets/premium/duravit-duravit-vero_air-vero-air_tm_700418000000000_01_1517.webp,catalog-2026,True,46,Premium toilets from Duravit. High-quality design and materials for luxury bathrooms. Part of the premium collection.
47,Duravit,Duravit Veroair Tm 235060 01,toilets,premium,600,2500,EUR,toilets/premium/duravit-veroair_tm_235060_01_1131.webp,toilets/premium/duravit-veroair_tm_235060_01_1131.webp,toilets/premium/duravit-veroair_tm_235060_01_1131.webp,catalog-2026,True,47,Premium toilets from Duravit. High-quality design and materials for luxury bathrooms. Part of the premium collection.
48,Duravit,Duravit Duravit Vero Air Veroair Keramikdetail M%c3%b6belwaschtisch 03,toilets,premium,600,2500,EUR,toilets/premium/duravit-duravit-vero_air-veroair_keramikdetail_m%C3%B6belwaschtisch_03_2538.webp,toilets/premium/duravit-duravit-vero_air-veroair_keramikdetail_m%C3%B6belwaschtisch_03_2538.webp,toilets/premium/duravit-duravit-vero_air-veroair_keramikdetail_m%C3%B6belwaschtisch_03_2538.webp,catalog-2026,True,48,Premium toilets from Duravit. High-quality design and materials for luxury bathrooms. Part of the premium collection.
49,Duravit,Duravit Duravit Me By Starck Me By Starck Furniture Basin Collage,toilets,premium,600,2500,EUR,toilets/premium/duravit-duravit-me_by_starck-me_by_starck_furniture_basin_collage.webp,toilets/premium/duravit-duravit-me_by_starck-me_by_starck_furniture_basin_collage.webp,toilets/premium/duravit-duravit-me_by_starck-me_by_starck_furniture_basin_collage.webp,catalog-2026,True,49,Premium toilets from Duravit. High-quality design and materials for luxury bathrooms. Part of the premium collection.
50,Duravit,Duravit Duravit Toilets Category Wall Hung Toilets,toilets,premium,600,2500,EUR,toilets/premium/duravit-duravit-toilets-category_wall-hung_toilets.webp,toilets/premium/duravit-duravit-toilets-category_wall-hung_toilets.webp,toilets/premium/duravit-duravit-toilets-category_wall-hung_toilets.webp,catalog-2026,True,50,Premium toilets from Duravit. High-quality design and materials for luxury bathrooms. Part of the premium collection.
51,Duravit,Duravit Duravit Bento Starck Box Bentostarckbox White Tulip,toilets,premium,600,2500,EUR,toilets/premium/duravit-duravit-bento_starck_box-bentostarckbox_white_tulip_1.webp,toilets/premium/duravit-duravit-bento_starck_box-bentostarckbox_white_tulip_1.webp,toilets/premium/duravit-duravit-bento_starck_box-bentostarckbox_white_tulip_1.webp,catalog-2026,True,51,Premium toilets from Duravit. High-quality design and materials for luxury bathrooms. Part of the premium collection.
52,Duravit,Duravit Duravit Vero Air Veroair Tm 72445 85 01,toilets,premium,600,2500,EUR,toilets/premium/duravit-duravit-vero_air-veroair_tm_72445_85_01_0133.webp,toilets/premium/duravit-duravit-vero_air-veroair_tm_72445_85_01_0133.webp,toilets/premium/duravit-duravit-vero_air-veroair_tm_72445_85_01_0133.webp,catalog-2026,True,52,Premium toilets from Duravit. High-quality design and materials for luxury bathrooms. Part of the premium collection.
53,Duravit,Duravit Duravit Sinks Veroair Tm 235060 01 1131,toilets,premium,600,2500,EUR,toilets/premium/duravit-duravit-sinks-veroair_tm_235060_01_1131_.webp,toilets/premium/duravit-duravit-sinks-veroair_tm_235060_01_1131_.webp,toilets/premium/duravit-duravit-sinks-veroair_tm_235060_01_1131_.webp,catalog-2026,True,53,Premium toilets from Duravit. High-quality design and materials for luxury bathrooms. Part of the premium collection.
54,Duravit,Duravit Veroair Tm 235060 01 1131,toilets,premium,600,2500,EUR,toilets/premium/duravit-veroair_tm_235060_01_1131_.webp,toilets/premium/duravit-veroair_tm_235060_01_1131_.webp,toilets/premium/duravit-veroair_tm_235060_01_1131_.webp,catalog-2026,True,54,Premium toilets from Duravit. High-quality design and materials for luxury bathrooms. Part of the premium collection.
55,Duravit,Duravit Duravit Durastyle News 2014 Durastyle Teaser,toilets,premium,600,2500,EUR,toilets/premium/duravit-duravit-durastyle-news_2014_durastyle_teaser_04.webp,toilets/premium/duravit-duravit-durastyle-news_2014_durastyle_teaser_04.webp,toilets/premium/duravit-duravit-durastyle-news_2014_durastyle_teaser_04.webp,catalog-2026,True,55,Premium toilets from Duravit. High-quality design and materials for luxury bathrooms. Part of the premium collection.
56,Duravit,Duravit Duravit Vero Air Vero,toilets,premium,600,2500,EUR,toilets/premium/duravit-duravit-vero_air-vero_2064030.webp,toilets/premium/duravit-duravit-vero_air-vero_2064030.webp,toilets/premium/duravit-duravit-vero_air-vero_2064030.webp,catalog-2026,True,56,Premium toilets from Duravit. High-quality design and materials for luxury bathrooms. Part of the premium collection.
57,Duravit,Duravit Duravit Sink Series Vero Vero Mwt Handtuchhalter,toilets,premium,600,2500,EUR,toilets/premium/duravit-duravit-sink-series-vero-vero_mwt_handtuchhalter.webp,toilets/premium/duravit-duravit-sink-series-vero-vero_mwt_handtuchhalter.webp,toilets/premium/duravit-duravit-sink-series-vero-vero_mwt_handtuchhalter.webp,catalog-2026,True,57,Premium toilets from Duravit. High-quality design and materials for luxury bathrooms. Part of the premium collection.
58,Duravit,Duravit Duravit Sink Series Vero Vero Stand Wc Bidet,toilets,premium,600,2500,EUR,toilets/premium/duravit-duravit-sink-series-vero-vero_stand_-_wc-bidet_01.webp,toilets/premium/duravit-duravit-sink-series-vero-vero_stand_-_wc-bidet_01.webp,toilets/premium/duravit-duravit-sink-series-vero-vero_stand_-_wc-bidet_01.webp,catalog-2026,True,58,Premium toilets from Duravit. High-quality design and materials for luxury bathrooms. Part of the premium collection.
59,Duravit,Duravit Duravit Durastyle Durastyle Badewanne Detail,toilets,premium,600,2500,EUR,toilets/premium/duravit-duravit-durastyle-durastyle_badewanne_detail_01.webp,toilets/premium/duravit-duravit-durastyle-durastyle_badewanne_detail_01.webp,toilets/premium/duravit-duravit-durastyle-durastyle_badewanne_detail_01.webp,catalog-2026,True,59,Premium toilets from Duravit. High-quality design and materials for luxury bathrooms. Part of the premium collection.
60,Duravit,Duravit Duravit Vero Air Vero Air Tm 2350120024 11 03,toilets,premium,600,2500,EUR,toilets/premium/duravit-duravit-vero_air-vero-air_tm_2350120024_11_03_1168.webp,toilets/premium/duravit-duravit-vero_air-vero-air_tm_2350120024_11_03_1168.webp,toilets/premium/duravit-duravit-vero_air-vero-air_tm_2350120024_11_03_1168.webp,catalog-2026,True,60,Premium toilets from Duravit. High-quality design and materials for luxury bathrooms. Part of the premium collection.
61,Duravit,Duravit Veroair Tm 235060 05,toilets,premium,600,2500,EUR,toilets/premium/duravit-veroair_tm_235060_05_1536.webp,toilets/premium/duravit-veroair_tm_235060_05_1536.webp,toilets/premium/duravit-veroair_tm_235060_05_1536.webp,catalog-2026,True,61,Premium toilets from Duravit. High-quality design and materials for luxury bathrooms. Part of the premium collection.
62,Duravit,Duravit Duravit Durastyle Durastyle Wt Galerie 03 New,toilets,premium,600,2500,EUR,toilets/premium/duravit-duravit-durastyle-durastyle_wt-galerie_03_new.webp,toilets/premium/duravit-duravit-durastyle-durastyle_wt-galerie_03_new.webp,toilets/premium/duravit-duravit-durastyle-durastyle_wt-galerie_03_new.webp,catalog-2026,True,62,Premium toilets from Duravit. High-quality design and materials for luxury bathrooms. Part of the premium collection.
63,Duravit,Duravit Dneo Pop,toilets,premium,600,2500,EUR,toilets/premium/duravit-dneo_pop_05.webp,toilets/premium/duravit-dneo_pop_05.webp,toilets/premium/duravit-dneo_pop_05.webp,catalog-2026,True,63,Premium toilets from Duravit. High-quality design and materials for luxury bathrooms. Part of the premium collection.
64,Duravit,Duravit Duravit D Neo Dneo Welt Boho,toilets,premium,600,2500,EUR,toilets/premium/duravit-duravit-d-neo-dneo_welt_boho.webp,toilets/premium/duravit-duravit-d-neo-dneo_welt_boho.webp,toilets/premium/duravit-duravit-d-neo-dneo_welt_boho.webp,catalog-2026,True,64,Premium toilets from Duravit. High-quality design and materials for luxury bathrooms. Part of the premium collection.
65,Duravit,Duravit Duravit Durastyle Durastyle Home Broschuere Aufgeklappt,toilets,premium,600,2500,EUR,toilets/premium/duravit-duravit-durastyle-durastyle_home_broschuere_aufgeklappt.webp,toilets/premium/duravit-duravit-durastyle-durastyle_home_broschuere_aufgeklappt.webp,toilets/premium/duravit-duravit-durastyle-durastyle_home_broschuere_aufgeklappt.webp,catalog-2026,True,65,Premium toilets from Duravit. High-quality design and materials for luxury bathrooms. Part of the premium collection.
66,Duravit,Duravit Duravit Sink Series L Cube L Cube Med Eiche Starck Milieu 03 07%2353,toilets,premium,600,2500,EUR,toilets/premium/duravit-duravit-sink-series-l-cube-l-cube_med_eiche_starck_milieu_03_07%2353_96.webp,toilets/premium/duravit-duravit-sink-series-l-cube-l-cube_med_eiche_starck_milieu_03_07%2353_96.webp,toilets/premium/duravit-duravit-sink-series-l-cube-l-cube_med_eiche_starck_milieu_03_07%2353_96.webp,catalog-2026,True,66,Premium toilets from Duravit. High-quality design and materials for luxury bathrooms. Part of the premium collection.
67,Duravit,Duravit Duravit Durastyle Durastyle Milieu Tessiner Kirschbaum 233778 Ds 6499 253709 01 0007 News,toilets,premium,600,2500,EUR,toilets/premium/duravit-duravit-durastyle-durastyle_milieu_tessiner-kirschbaum_233778_ds-6499_253709_01_0007_news2016.webp,toilets/premium/duravit-duravit-durastyle-durastyle_milieu_tessiner-kirschbaum_233778_ds-6499_253709_01_0007_news2016.webp,toilets/premium/duravit-duravit-durastyle-durastyle_milieu_tessiner-kirschbaum_233778_ds-6499_253709_01_0007_news2016.webp,catalog-2026,True,67,Premium toilets from Duravit. High-quality design and materials for luxury bathrooms. Part of the premium collection.
68,Duravit,Duravit Duravit Me By Starck Me By Starck Wt New,toilets,premium,600,2500,EUR,toilets/premium/duravit-duravit-me_by_starck-me-by-starck-wt-new.webp,toilets/premium/duravit-duravit-me_by_starck-me-by-starck-wt-new.webp,toilets/premium/duravit-duravit-me_by_starck-me-by-starck-wt-new.webp,catalog-2026,True,68,Premium toilets from Duravit. High-quality design and materials for luxury bathrooms. Part of the premium collection.
69,Duravit,Duravit Duravit Sink Series Starck 1 Starck1 Hm,toilets,premium,600,2500,EUR,toilets/premium/duravit-duravit-sink-series-starck_1-starck1_hm2.webp,toilets/premium/duravit-duravit-sink-series-starck_1-starck1_hm2.webp,toilets/premium/duravit-duravit-sink-series-starck_1-starck1_hm2.webp,catalog-2026,True,69,Premium toilets from Duravit. High-quality design and materials for luxury bathrooms. Part of the premium collection.
70,Duravit,Duravit Duravit Me By Starck Me By Starck Furniture Washbasins,toilets,premium,600,2500,EUR,toilets/premium/duravit-duravit-me_by_starck-me_by_starck_furniture_washbasins_04.webp,toilets/premium/duravit-duravit-me_by_starck-me_by_starck_furniture_washbasins_04.webp,toilets/premium/duravit-duravit-me_by_starck-me_by_starck_furniture_washbasins_04.webp,catalog-2026,True,70,Premium toilets from Duravit. High-quality design and materials for luxury bathrooms. Part of the premium collection.
71,Duravit,Duravit Duravit Starck 3 Duravit Rimlesswc Von Oben Ohne Deckel Freisteller Fin Offenen E,toilets,premium,600,2500,EUR,toilets/premium/duravit-duravit-starck_3-duravit_rimlesswc_von_oben_ohne_deckel_freisteller_fin_offenen-e.webp,toilets/premium/duravit-duravit-starck_3-duravit_rimlesswc_von_oben_ohne_deckel_freisteller_fin_offenen-e.webp,toilets/premium/duravit-duravit-starck_3-duravit_rimlesswc_von_oben_ohne_deckel_freisteller_fin_offenen-e.webp,catalog-2026,True,71,Premium toilets from Duravit. High-quality design and materials for luxury bathrooms. Part of the premium collection.
72,Duravit,Duravit Duravit Me By Starck Hygieneflush Mebystarck,toilets,premium,600,2500,EUR,toilets/premium/duravit-duravit-me_by_starck-hygieneflush_mebystarck.webp,toilets/premium/duravit-duravit-me_by_starck-hygieneflush_mebystarck.webp,toilets/premium/duravit-duravit-me_by_starck-hygieneflush_mebystarck.webp,catalog-2026,True,72,Premium toilets from Duravit. High-quality design and materials for luxury bathrooms. Part of the premium collection.
73,Duravit,Duravit Duravit Sink Series Starck 1 Starck 1 Starck Wp,toilets,premium,600,2500,EUR,toilets/premium/duravit-duravit-sink-series-starck_1-starck-1_starck_wp1.webp,toilets/premium/duravit-duravit-sink-series-starck_1-starck-1_starck_wp1.webp,toilets/premium/duravit-duravit-sink-series-starck_1-starck-1_starck_wp1.webp,catalog-2026,True,73,Premium toilets from Duravit. High-quality design and materials for luxury bathrooms. Part of the premium collection.
74,Duravit,Duravit Duravit D Neo Dneo Welt Minimal,toilets,premium,600,2500,EUR,toilets/premium/duravit-duravit-d-neo-dneo_welt_minimal.webp,toilets/premium/duravit-duravit-d-neo-dneo_welt_minimal.webp,toilets/premium/duravit-duravit-d-neo-dneo_welt_minimal.webp,catalog-2026,True,74,Premium toilets from Duravit. High-quality design and materials for luxury bathrooms. Part of the premium collection.
75,Duravit,Duravit Duravit Vero Air Vero Air Tm 252509 227415 16,toilets,premium,600,2500,EUR,toilets/premium/duravit-duravit-vero_air-vero-air_tm_252509_227415_16_1318.webp,toilets/premium/duravit-duravit-vero_air-vero-air_tm_252509_227415_16_1318.webp,toilets/premium/duravit-duravit-vero_air-vero-air_tm_252509_227415_16_1318.webp,catalog-2026,True,75,Premium toilets from Duravit. High-quality design and materials for luxury bathrooms. Part of the premium collection.
76,Duravit,Duravit Duravit Sink Series L Cube L Cube Med Eiche Starck Detail 01 03%2365,toilets,premium,600,2500,EUR,toilets/premium/duravit-duravit-sink-series-l-cube-l-cube_med_eiche_starck_detail_01_03%2365_72.webp,toilets/premium/duravit-duravit-sink-series-l-cube-l-cube_med_eiche_starck_detail_01_03%2365_72.webp,toilets/premium/duravit-duravit-sink-series-l-cube-l-cube_med_eiche_starck_detail_01_03%2365_72.webp,catalog-2026,True,76,Premium toilets from Duravit. High-quality design and materials for luxury bathrooms. Part of the premium collection.
77,Duravit,Duravit Duravit Vero Air Veroair Tm 235160 Lc095c 85 04,toilets,premium,600,2500,EUR,toilets/premium/duravit-duravit-vero_air-veroair_tm_235160_lc095c_85_04_0757.webp,toilets/premium/duravit-duravit-vero_air-veroair_tm_235160_lc095c_85_04_0757.webp,toilets/premium/duravit-duravit-vero_air-veroair_tm_235160_lc095c_85_04_0757.webp,catalog-2026,True,77,Premium toilets from Duravit. High-quality design and materials for luxury bathrooms. Part of the premium collection.
78,Duravit,Duravit Duravit Me By Starck Me By Starck Tm,toilets,premium,600,2500,EUR,toilets/premium/duravit-duravit-me_by_starck-me-by-starck-tm.webp,toilets/premium/duravit-duravit-me_by_starck-me-by-starck-tm.webp,toilets/premium/duravit-duravit-me_by_starck-me-by-starck-tm.webp,catalog-2026,True,78,Premium toilets from Duravit. High-quality design and materials for luxury bathrooms. Part of the premium collection.
79,Duravit,Duravit Duravit Vero Air Vero Air Milieu 2350120024 11 02,toilets,premium,600,2500,EUR,toilets/premium/duravit-duravit-vero_air-vero-air_milieu_2350120024_11_02_1248.webp,toilets/premium/duravit-duravit-vero_air-vero-air_milieu_2350120024_11_02_1248.webp,toilets/premium/duravit-duravit-vero_air-vero-air_milieu_2350120024_11_02_1248.webp,catalog-2026,True,79,Premium toilets from Duravit. High-quality design and materials for luxury bathrooms. Part of the premium collection.
80,Duravit,Duravit Duravit Me By Starck Me By Starck Raw Milieu Wanne 12 0180%,toilets,premium,600,2500,EUR,toilets/premium/duravit-duravit-me_by_starck-me_by_starck_raw_milieu_wanne_12_0180%2340.webp,toilets/premium/duravit-duravit-me_by_starck-me_by_starck_raw_milieu_wanne_12_0180%2340.webp,toilets/premium/duravit-duravit-me_by_starck-me_by_starck_raw_milieu_wanne_12_0180%2340.webp,catalog-2026,True,80,Premium toilets from Duravit. High-quality design and materials for luxury bathrooms. Part of the premium collection.
81,Duravit,Duravit Duravit Vero Air Vero Air Tm 235080 0030661000 14,toilets,premium,600,2500,EUR,toilets/premium/duravit-duravit-vero_air-vero-air_tm_235080_0030661000_14_1070.webp,toilets/premium/duravit-duravit-vero_air-vero-air_tm_235080_0030661000_14_1070.webp,toilets/premium/duravit-duravit-vero_air-vero-air_tm_235080_0030661000_14_1070.webp,catalog-2026,True,81,Premium toilets from Duravit. High-quality design and materials for luxury bathrooms. Part of the premium collection.
82,Duravit,Duravit Duravit Toilets Category Toilet Accessories,toilets,premium,600,2500,EUR,toilets/premium/duravit-duravit-toilets-category_toilet-accessories.webp,toilets/premium/duravit-duravit-toilets-category_toilet-accessories.webp,toilets/premium/duravit-duravit-toilets-category_toilet-accessories.webp,catalog-2026,True,82,Premium toilets from Duravit. High-quality design and materials for luxury bathrooms. Part of the premium collection.
83,Duravit,Duravit Duravit Sinks Veroair Tm 235060 01,toilets,premium,600,2500,EUR,toilets/premium/duravit-duravit-sinks-veroair_tm_235060_01_1131.webp,toilets/premium/duravit-duravit-sinks-veroair_tm_235060_01_1131.webp,toilets/premium/duravit-duravit-sinks-veroair_tm_235060_01_1131.webp,catalog-2026,True,83,Premium toilets from Duravit. High-quality design and materials for luxury bathrooms. Part of the premium collection.
84,Duravit,Duravit Duravit Vero Air Vero Air Tm 700418000000000 10,toilets,premium,600,2500,EUR,toilets/premium/duravit-duravit-vero_air-vero-air_tm_700418000000000_10_2881.webp,toilets/premium/duravit-duravit-vero_air-vero-air_tm_700418000000000_10_2881.webp,toilets/premium/duravit-duravit-vero_air-vero-air_tm_700418000000000_10_2881.webp,catalog-2026,True,84,Premium toilets from Duravit. High-quality design and materials for luxury bathrooms. Part of the premium collection.
85,Duravit,Duravit Duravit Me By Starck Me By Starck Washbasins,toilets,premium,600,2500,EUR,toilets/premium/duravit-duravit-me_by_starck-me_by_starck_washbasins_01.webp,toilets/premium/duravit-duravit-me_by_starck-me_by_starck_washbasins_01.webp,toilets/premium/duravit-duravit-me_by_starck-me_by_starck_washbasins_01.webp,catalog-2026,True,85,Premium toilets from Duravit. High-quality design and materials for luxury bathrooms. Part of the premium collection.
86,Duravit,Duravit Duravit Me By Starck Me By Starck Nature Milieu 10,toilets,premium,600,2500,EUR,toilets/premium/duravit-duravit-me_by_starck-me_by_starck_nature_milieu_10_0113.webp,toilets/premium/duravit-duravit-me_by_starck-me_by_starck_nature_milieu_10_0113.webp,toilets/premium/duravit-duravit-me_by_starck-me_by_starck_nature_milieu_10_0113.webp,catalog-2026,True,86,Premium toilets from Duravit. High-quality design and materials for luxury bathrooms. Part of the premium collection.
87,Duravit,Duravit Duravit Sink Series Vero News 2014 Vero Teaser,toilets,premium,600,2500,EUR,toilets/premium/duravit-duravit-sink-series-vero-news_2014_vero_teaser_05.webp,toilets/premium/duravit-duravit-sink-series-vero-news_2014_vero_teaser_05.webp,toilets/premium/duravit-duravit-sink-series-vero-news_2014_vero_teaser_05.webp,catalog-2026,True,87,Premium toilets from Duravit. High-quality design and materials for luxury bathrooms. Part of the premium collection.
88,Duravit,Duravit Duravit Me By Starck Me By Starck Wt,toilets,premium,600,2500,EUR,toilets/premium/duravit-duravit-me_by_starck-me-by-starck-wt.webp,toilets/premium/duravit-duravit-me_by_starck-me-by-starck-wt.webp,toilets/premium/duravit-duravit-me_by_starck-me-by-starck-wt.webp,catalog-2026,True,88,Premium toilets from Duravit. High-quality design and materials for luxury bathrooms. Part of the premium collection.
89,Duravit,Duravit Duravit Sink Series Vero Vero Wt Chrom Gestell,toilets,premium,600,2500,EUR,toilets/premium/duravit-duravit-sink-series-vero-vero_wt_chrom-gestell.webp,toilets/premium/duravit-duravit-sink-series-vero-vero_wt_chrom-gestell.webp,toilets/premium/duravit-duravit-sink-series-vero-vero_wt_chrom-gestell.webp,catalog-2026,True,89,Premium toilets from Duravit. High-quality design and materials for luxury bathrooms. Part of the premium collection.
90,Essential Line,Essential Line Showers,showers,budget,80,200,EUR,showers/budget/essential-line-showers-3.webp,showers/budget/essential-line-showers-3.webp,showers/budget/essential-line-showers-3.webp,catalog-2026,True,90,Essential products - Practical and affordable. Perfect for budget-conscious renovations without compromising quality.
91,Duravit,Duravit Starck Slimline Showertray,showers,premium,500,2000,EUR,showers/premium/duravit-starck_slimline_showertray_01.webp,showers/premium/duravit-starck_slimline_showertray_01.webp,showers/premium/duravit-starck_slimline_showertray_01.webp,catalog-2026,True,91,Premium showers from Duravit. High-quality design and materials for luxury bathrooms. Part of the premium collection.
92,Duravit,Duravit Veroair Shower Packshot,showers,premium,500,2000,EUR,showers/premium/duravit-veroair-shower-packshot.webp,showers/premium/duravit-veroair-shower-packshot.webp,showers/premium/duravit-veroair-shower-packshot.webp,catalog-2026,True,92,Premium showers from Duravit. High-quality design and materials for luxury bathrooms. Part of the premium collection.
93,Essential Line,Essential Line Vanity,vanity,budget,200,400,EUR,vanity/budget/essential-line-vanity-1.webp,vanity/budget/essential-line-vanity-1.webp,vanity/budget/essential-line-vanity-1.webp,catalog-2026,True,93,Essential products - Practical and affordable. Perfect for budget-conscious renovations without compromising quality.
94,Duravit,Duravit Me By Starck Vanity Lifestyle,vanity,premium,800,3500,EUR,vanity/premium/duravit-me-by-starck-vanity-lifestyle.webp,vanity/premium/duravit-me-by-starck-vanity-lifestyle.webp,vanity/premium/duravit-me-by-starck-vanity-lifestyle.webp,catalog-2026,True,94,Premium vanity from Duravit. High-quality design and materials for luxury bathrooms. Part of the premium collection.
95,Duravit,Duravit Category Vanity Unites Freisteller,vanity,premium,800,3500,EUR,vanity/premium/duravit-category_vanity-unites_freisteller.webp,vanity/premium/duravit-category_vanity-unites_freisteller.webp,vanity/premium/duravit-category_vanity-unites_freisteller.webp,catalog-2026,True,95,Premium vanity from Duravit. High-quality design and materials for luxury bathrooms. Part of the premium collection.
96,Duravit,Duravit Mirror Cabinets Freisteller,vanity,premium,800,3500,EUR,vanity/premium/duravit-mirror_cabinets_freisteller.webp,vanity/premium/duravit-mirror_cabinets_freisteller.webp,vanity/premium/duravit-mirror_cabinets_freisteller.webp,catalog-2026,True,96,Premium vanity from Duravit. High-quality design and materials for luxury bathrooms. Part of the premium collection.
97,Duravit,Duravit Me By Starck Furniture Washbasins,vanity,premium,800,3500,EUR,vanity/premium/duravit-me_by_starck_furniture_washbasins_03.webp,vanity/premium/duravit-me_by_starck_furniture_washbasins_03.webp,vanity/premium/duravit-me_by_starck_furniture_washbasins_03.webp,catalog-2026,True,97,Premium vanity from Duravit. High-quality design and materials for luxury bathrooms. Part of the premium collection.
98,Duravit,Duravit L Cube Vanity Unit,vanity,premium,800,3500,EUR,vanity/premium/duravit-l-cube_vanity_unit_01.webp,vanity/premium/duravit-l-cube_vanity_unit_01.webp,vanity/premium/duravit-l-cube_vanity_unit_01.webp,catalog-2026,True,98,Premium vanity from Duravit. High-quality design and materials for luxury bathrooms. Part of the premium collection.
99,Duravit,Duravit X Large Vanity Unit 01 Detail,vanity,premium,800,3500,EUR,vanity/premium/duravit-x-large_vanity_unit_01_detail.webp,vanity/premium/duravit-x-large_vanity_unit_01_detail.webp,vanity/premium/duravit-x-large_vanity_unit_01_detail.webp,catalog-2026,True,99,Premium vanity from Duravit. High-quality design and materials for luxury bathrooms. Part of the premium collection.
100,Duravit,Duravit Dcode Vanity Packshot,vanity,premium,800,3500,EUR,vanity/premium/duravit-dcode-vanity-packshot.webp,vanity/premium/duravit-dcode-vanity-packshot.webp,vanity/premium/duravit-dcode-vanity-packshot.webp,catalog-2026,True,100,Premium vanity from Duravit. High-quality design and materials for luxury bathrooms. Part of the premium collection.
101,Duravit,Duravit Me By Starck Furniture Basin Collage,vanity,premium,800,3500,EUR,vanity/premium/duravit-me_by_starck_furniture_basin_collage.webp,vanity/premium/duravit-me_by_starck_furniture_basin_collage.webp,vanity/premium/duravit-me_by_starck_furniture_basin_collage.webp,catalog-2026,True,101,Premium vanity from Duravit. High-quality design and materials for luxury bathrooms. Part of the premium collection.
102,Duravit,Duravit Vero Furniture Detail Mirror Edge,vanity,premium,800,3500,EUR,vanity/premium/duravit-vero_furniture_detail_mirror-edge.webp,vanity/premium/duravit-vero_furniture_detail_mirror-edge.webp,vanity/premium/duravit-vero_furniture_detail_mirror-edge.webp,catalog-2026,True,102,Premium vanity from Duravit. High-quality design and materials for luxury bathrooms. Part of the premium collection.
103,Standard,Naber Standard S3 Sink Lifestyle,sinks,mid-range,100,500,EUR,sinks/mid-range/naber-standard-s3-sink-lifestyle.webp,sinks/mid-range/naber-standard-s3-sink-lifestyle.webp,sinks/mid-range/naber-standard-s3-sink-lifestyle.webp,catalog-2026,True,103,Reliable quality and contemporary design. Ideal for modern renovation projects.
104,Standard,Naber Standard S3 Sink Packshot,sinks,mid-range,100,500,EUR,sinks/mid-range/naber-standard-s3-sink-packshot.webp,sinks/mid-range/naber-standard-s3-sink-packshot.webp,sinks/mid-range/naber-standard-s3-sink-packshot.webp,catalog-2026,True,104,Reliable quality and contemporary design. Ideal for modern renovation projects.
105,Duravit,Duravit Duravit Sink Series Starck 1 Starck 1 Starck Wp,sinks,premium,800,3500,EUR,sinks/premium/duravit-duravit-sink-series-starck_1-starck-1_starck_wp2.webp,sinks/premium/duravit-duravit-sink-series-starck_1-starck-1_starck_wp2.webp,sinks/premium/duravit-duravit-sink-series-starck_1-starck-1_starck_wp2.webp,catalog-2026,True,105,Premium sinks from Duravit. High-quality design and materials for luxury bathrooms. Part of the premium collection.
106,Duravit,Duravit Duravit Sink Series Starck 1 Starck Slimline Showertray,sinks,premium,800,3500,EUR,sinks/premium/duravit-duravit-sink-series-starck_1-starck_slimline_showertray_01.webp,sinks/premium/duravit-duravit-sink-series-starck_1-starck_slimline_showertray_01.webp,sinks/premium/duravit-duravit-sink-series-starck_1-starck_slimline_showertray_01.webp,catalog-2026,True,106,Premium sinks from Duravit. High-quality design and materials for luxury bathrooms. Part of the premium collection.
107,Duravit,Duravit Duravit Me By Starck Me By Starck Washbasins Freisteller,sinks,premium,800,3500,EUR,sinks/premium/duravit-duravit-me_by_starck-me_by_starck_washbasins_freisteller.webp,sinks/premium/duravit-duravit-me_by_starck-me_by_starck_washbasins_freisteller.webp,sinks/premium/duravit-duravit-me_by_starck-me_by_starck_washbasins_freisteller.webp,catalog-2026,True,107,Premium sinks from Duravit. High-quality design and materials for luxury bathrooms. Part of the premium collection.
108,Duravit,Duravit Duravit Sink Series Starck 1 Starck Barrel,sinks,premium,800,3500,EUR,sinks/premium/duravit-duravit-sink-series-starck_1-starck-barrel_05.webp,sinks/premium/duravit-duravit-sink-series-starck_1-starck-barrel_05.webp,sinks/premium/duravit-duravit-sink-series-starck_1-starck-barrel_05.webp,catalog-2026,True,108,Premium sinks from Duravit. High-quality design and materials for luxury bathrooms. Part of the premium collection.
109,Duravit,Duravit Duravit Sink Series L Cube L Cube Med Eiche Starck Nikki 10 05%2345,sinks,premium,800,3500,EUR,sinks/premium/duravit-duravit-sink-series-l-cube-l-cube_med_eiche_starck_nikki_10_05%2345_79.webp,sinks/premium/duravit-duravit-sink-series-l-cube-l-cube_med_eiche_starck_nikki_10_05%2345_79.webp,sinks/premium/duravit-duravit-sink-series-l-cube-l-cube_med_eiche_starck_nikki_10_05%2345_79.webp,catalog-2026,True,109,Premium sinks from Duravit. High-quality design and materials for luxury bathrooms. Part of the premium collection.
110,Duravit,Duravit Me By Starck Washbasins,sinks,premium,800,3500,EUR,sinks/premium/duravit-me_by_starck_washbasins_01.webp,sinks/premium/duravit-me_by_starck_washbasins_01.webp,sinks/premium/duravit-me_by_starck_washbasins_01.webp,catalog-2026,True,110,Premium sinks from Duravit. High-quality design and materials for luxury bathrooms. Part of the premium collection.
111,Duravit,Duravit Duravit Sink Series Vero Vero Komplettbad Tessiner,sinks,premium,800,3500,EUR,sinks/premium/duravit-duravit-sink-series-vero-vero_komplettbad_tessiner.webp,sinks/premium/duravit-duravit-sink-series-vero-vero_komplettbad_tessiner.webp,sinks/premium/duravit-duravit-sink-series-vero-vero_komplettbad_tessiner.webp,catalog-2026,True,111,Premium sinks from Duravit. High-quality design and materials for luxury bathrooms. Part of the premium collection.
112,Duravit,Duravit Duravit Sink Series Vero Vero Furniture Detail Mirror Edge,sinks,premium,800,3500,EUR,sinks/premium/duravit-duravit-sink-series-vero-vero_furniture_detail_mirror-edge.webp,sinks/premium/duravit-duravit-sink-series-vero-vero_furniture_detail_mirror-edge.webp,sinks/premium/duravit-duravit-sink-series-vero-vero_furniture_detail_mirror-edge.webp,catalog-2026,True,112,Premium sinks from Duravit. High-quality design and materials for luxury bathrooms. Part of the premium collection.
113,Duravit,Duravit Duravit Sinks Veroair Tm 235060 05,sinks,premium,800,3500,EUR,sinks/premium/duravit-duravit-sinks-veroair_tm_235060_05_1536.webp,sinks/premium/duravit-duravit-sinks-veroair_tm_235060_05_1536.webp,sinks/premium/duravit-duravit-sinks-veroair_tm_235060_05_1536.webp,catalog-2026,True,113,Premium sinks from Duravit. High-quality design and materials for luxury bathrooms. Part of the premium collection.
114,Duravit,Duravit Duravit Sink Series Starck 1 Starck 1 Starck Urinal,sinks,premium,800,3500,EUR,sinks/premium/duravit-duravit-sink-series-starck_1-starck-1_starck_urinal.webp,sinks/premium/duravit-duravit-sink-series-starck_1-starck-1_starck_urinal.webp,sinks/premium/duravit-duravit-sink-series-starck_1-starck-1_starck_urinal.webp,catalog-2026,True,114,Premium sinks from Duravit. High-quality design and materials for luxury bathrooms. Part of the premium collection.
115,Duravit,Duravit Me By Starck Furniture Washbasins,sinks,premium,800,3500,EUR,sinks/premium/duravit-me_by_starck_furniture_washbasins_03.webp,sinks/premium/duravit-me_by_starck_furniture_washbasins_03.webp,sinks/premium/duravit-me_by_starck_furniture_washbasins_03.webp,catalog-2026,True,115,Premium sinks from Duravit. High-quality design and materials for luxury bathrooms. Part of the premium collection.
116,Duravit,Duravit Duravit Sink Series Starck 1 Starck Barrel C Bonded Stage,sinks,premium,800,3500,EUR,sinks/premium/duravit-duravit-sink-series-starck_1-starck-barrel_c-bonded_stage.webp,sinks/premium/duravit-duravit-sink-series-starck_1-starck-barrel_c-bonded_stage.webp,sinks/premium/duravit-duravit-sink-series-starck_1-starck-barrel_c-bonded_stage.webp,catalog-2026,True,116,Premium sinks from Duravit. High-quality design and materials for luxury bathrooms. Part of the premium collection.
117,Duravit,Duravit Me By Starck Furniture Basin Collage,sinks,premium,800,3500,EUR,sinks/premium/duravit-me_by_starck_furniture_basin_collage.webp,sinks/premium/duravit-me_by_starck_furniture_basin_collage.webp,sinks/premium/duravit-me_by_starck_furniture_basin_collage.webp,catalog-2026,True,117,Premium sinks from Duravit. High-quality design and materials for luxury bathrooms. Part of the premium collection.
118,Essential Line,Essential Line Tile,tile,budget,15,35,EUR,tile/budget/essential-line-tile-12.webp,tile/budget/essential-line-tile-12.webp,tile/budget/essential-line-tile-12.webp,catalog-2026,True,118,Essential products - Practical and affordable. Perfect for budget-conscious renovations without compromising quality.
119,Duravit,Duravit Tile Sample Packshot,tile,premium,70,200,EUR,tile/premium/duravit-tile-sample-packshot.webp,tile/premium/duravit-tile-sample-packshot.webp,tile/premium/duravit-tile-sample-packshot.webp,catalog-2026,True,119,Premium tile from Duravit. High-quality design and materials for luxury bathrooms. Part of the premium collection.
120,Duravit,Duravit Ceramic Features Softclose,tile,premium,70,200,EUR,tile/premium/duravit-ceramic_features_softclose.webp,tile/premium/duravit-ceramic_features_softclose.webp,tile/premium/duravit-ceramic_features_softclose.webp,catalog-2026,True,120,Premium tile from Duravit. High-quality design and materials for luxury bathrooms. Part of the premium collection.
121,Vitra,Ideal Standard Cerafit 3 Lifestyle,faucets,mid-range,100,500,EUR,faucets/mid-range/ideal-standard-cerafit-3-lifestyle.webp,faucets/mid-range/ideal-standard-cerafit-3-lifestyle.webp,faucets/mid-range/ideal-standard-cerafit-3-lifestyle.webp,catalog-2026,True,121,Reliable quality and contemporary design. Ideal for modern renovation projects.
122,Vitra,Ideal Standard Cerafit 1 Packshot,faucets,mid-range,100,500,EUR,faucets/mid-range/ideal-standard-cerafit-1-packshot.webp,faucets/mid-range/ideal-standard-cerafit-1-packshot.webp,faucets/mid-range/ideal-standard-cerafit-1-packshot.webp,catalog-2026,True,122,Reliable quality and contemporary design. Ideal for modern renovation projects.
123,Standard,Ideal Standard Cerafine Faucet Packshot,faucets,mid-range,100,500,EUR,faucets/mid-range/ideal-standard-cerafine-faucet-packshot.webp,faucets/mid-range/ideal-standard-cerafine-faucet-packshot.webp,faucets/mid-range/ideal-standard-cerafine-faucet-packshot.webp,catalog-2026,True,123,Reliable quality and contemporary design. Ideal for modern renovation projects.
124,Vitra,Ideal Standard Cerafit 1 Lifestyle,faucets,mid-range,100,500,EUR,faucets/mid-range/ideal-standard-cerafit-1-lifestyle.webp,faucets/mid-range/ideal-standard-cerafit-1-lifestyle.webp,faucets/mid-range/ideal-standard-cerafit-1-lifestyle.webp,catalog-2026,True,124,Reliable quality and contemporary design. Ideal for modern renovation projects.
125,Vitra,Ideal Standard Cerafit 3 Packshot,faucets,mid-range,100,500,EUR,faucets/mid-range/ideal-standard-cerafit-3-packshot.webp,faucets/mid-range/ideal-standard-cerafit-3-packshot.webp,faucets/mid-range/ideal-standard-cerafit-3-packshot.webp,catalog-2026,True,125,Reliable quality and contemporary design. Ideal for modern renovation projects.
126,Standard,Ideal Standard Cerafine Faucet Lifestyle,faucets,mid-range,100,500,EUR,faucets/mid-range/ideal-standard-cerafine-faucet-lifestyle.webp,faucets/mid-range/ideal-standard-cerafine-faucet-lifestyle.webp,faucets/mid-range/ideal-standard-cerafine-faucet-lifestyle.webp,catalog-2026,True,126,Reliable quality and contemporary design. Ideal for modern renovation projects.
127,Essential Line,Essential Line Faucets,faucets,budget,60,120,EUR,faucets/budget/essential-line-faucets-1.webp,faucets/budget/essential-line-faucets-1.webp,faucets/budget/essential-line-faucets-1.webp,catalog-2026,True,127,Essential products - Practical and affordable. Perfect for budget-conscious renovations without compromising quality.
128,Essential Line,Essential Line Bathtub,bathtub,budget,300,600,EUR,bathtub/budget/essential-line-bathtub-5.webp,bathtub/budget/essential-line-bathtub-5.webp,bathtub/budget/essential-line-bathtub-5.webp,catalog-2026,True,128,Essential products - Practical and affordable. Perfect for budget-conscious renovations without compromising quality.
129,Duravit,Duravit Bath Accessories,bathtub,premium,1500,5500,EUR,bathtub/premium/duravit-bath_accessories_13.webp,bathtub/premium/duravit-bath_accessories_13.webp,bathtub/premium/duravit-bath_accessories_13.webp,catalog-2026,True,129,Premium bathtub from Duravit. High-quality design and materials for luxury bathrooms. Part of the premium collection.
130,Duravit,Duravit Bathing,bathtub,premium,1500,5500,EUR,bathtub/premium/duravit-bathing.webp,bathtub/premium/duravit-bathing.webp,bathtub/premium/duravit-bathing.webp,catalog-2026,True,130,Premium bathtub from Duravit. High-quality design and materials for luxury bathrooms. Part of the premium collection.
131,Duravit,Duravit Vero Bathtub Back To Wall,bathtub,premium,1500,5500,EUR,bathtub/premium/duravit-vero_bathtub_back-to-wall_01.webp,bathtub/premium/duravit-vero_bathtub_back-to-wall_01.webp,bathtub/premium/duravit-vero_bathtub_back-to-wall_01.webp,catalog-2026,True,131,Premium bathtub from Duravit. High-quality design and materials for luxury bathrooms. Part of the premium collection.
